{
	"PIN_AnalogWrite": {
		"menu": [
			["3", "3"],
			["5", "5"],
			["6", "6"],
			["9", "9"],
			["10(SS)", "10"],
			["11(MOSI)", "11"]
		]
	},
	"PIN_AnalogRead": {
		"menu": [
			["A0", "A0"],
			["A1", "A1"],
			["A2", "A2"],
			["A3", "A3"],
			["A4(SDA)", "A4"],
			["A5(SCL)", "A5"],
			["A6", "A6"],
			["A7", "A7"]
		]
	},
	"PIN_DigitalWrite": {
		"menu": [
			["2", "2"],
			["0(RX)", "0"],
			["1(TX)", "1"],
			["3", "3"],
			["4", "4"],
			["5", "5"],
			["6", "6"],
			["7", "7"],
			["8", "8"],
			["9", "9"],
			["10(SS)", "10"],
			["11(MOSI)", "11"],
			["12(MISO)", "12"],
			["13(LED/SCK)", "13"],
			["A0", "A0"],
			["A1", "A1"],
			["A2", "A2"],
			["A3", "A3"],
			["A4(SDA)", "A4"],
			["A5(SCL)", "A5"]
		]
	},
	"PIN_DigitalRead": {
		"menu": [
			["2", "2"],
			["0(RX)", "0"],
			["1(TX)", "1"],
			["3", "3"],
			["4", "4"],
			["5", "5"],
			["6", "6"],
			["7", "7"],
			["8", "8"],
			["9", "9"],
			["10(SS)", "10"],
			["11(MOSI)", "11"],
			["12(MISO)", "12"],
			["13(LED/SCK)", "13"],
			["A0", "A0"],
			["A1", "A1"],
			["A2", "A2"],
			["A3", "A3"],
			["A4(SDA)", "A4"],
			["A5(SCL)", "A5"]
		]
	},
	"PINMODE":{
		"menu": [
			["OUTPUT", "OUTPUT"],
			["INPUT", "INPUT"],
			["INPUT_PULLUP", "INPUT_PULLUP"]
		]
	}
}