{
	"PIN_AnalogWrite": {
		"menu": [
			["3", "3"],
			["5", "5"],
			["6(A7)", "6"],
			["9(A9)", "9"],
			["10(A10)", "10"],
			["11", "11"],
			["13(LED)", "13"]
		]
	},
	"PIN_AnalogRead": {
		"menu": [
			["A0", "A0"],
			["A1", "A1"],
			["A2", "A2"],
			["A3", "A3"],
			["A4", "A4"],
			["A5", "A5"],
			["4(A6)", "4"],
			["6(A7)", "6"],
			["8(A8)", "8"],
			["9(A9)", "9"],
			["10(A10)", "10"],
			["12(A11)", "12"]
		]
	},
	"PIN_DigitalWrite": {
		"menu": [
			["0(RX)", "0"],
			["1(TX)", "1"],
			["2(SDA)", "2"],
			["3(SCL)", "3"],
			["4", "4"],
			["5", "5"],
			["6", "6"],
			["7", "7"],
			["8", "8"],
			["9", "9"],
			["10", "10"],
			["11", "11"],
			["12", "12"],
			["13(LED)", "13"],
			["A0", "A0"],
			["A1", "A1"],
			["A2", "A2"],
			["A3", "A3"],
			["A4", "A4"],
			["A5", "A5"]
		]
	},
	"PIN_DigitalRead": {
		"menu": [
			["0(RX)", "0"],
			["1(TX)", "1"],
			["2(SDA)", "2"],
			["3(SCL)", "3"],
			["4", "4"],
			["5", "5"],
			["6", "6"],
			["7", "7"],
			["8", "8"],
			["9", "9"],
			["10", "10"],
			["11", "11"],
			["12", "12"],
			["13(LED)", "13"],
			["A0", "A0"],
			["A1", "A1"],
			["A2", "A2"],
			["A3", "A3"],
			["A4", "A4"],
			["A5", "A5"]
		]
	},
	"PINMODE":{
		"menu": [
			["OUTPUT", "OUTPUT"],
			["INPUT", "INPUT"],
			["INPUT_PULLUP", "INPUT_PULLUP"]
		]
	}
}