{
	"PIN_AnalogWrite": {
		"menu": [
			["2", "2"],
			["3", "3"],
			["4", "4"],
			["5", "5"],
			["6", "6"],
			["7", "7"],
			["8", "8"],
			["9", "9"],
			["10", "10"],
			["11", "11"],
			["12", "12"],
			["13(LED)", "13"],
			["44", "44"],
			["45", "45"],
			["46", "46"]
		]
	},
	"PIN_AnalogRead": {
		"menu": [
			["A0", "A0"],
			["A1", "A1"],
			["A2", "A2"],
			["A3", "A3"],
			["A4", "A4"],
			["A5", "A5"],
			["A6", "A6"],
			["A7", "A7"],
			["A8", "A8"],
			["A9", "A9"],
			["A10", "A10"],
			["A11", "A11"],
			["A12", "A12"],
			["A13", "A13"],
			["A14", "A14"],
			["A15", "A15"]
		]
	},
	"PIN_DigitalWrite": {
		"menu": [
			["2", "2"],
			["0(RX)", "0"],
			["1(TX)", "1"],
			["3", "3"],
			["4", "4"],
			["5", "5"],
			["6", "6"],
			["7", "7"],
			["8", "8"],
			["9", "9"],
			["10", "10"],
			["11", "11"],
			["12", "12"],
			["13(LED)", "13"],
			["14(Serial3-TX)", "14"],
			["15(Serial3-RX)", "15"],
			["16(Serial2-TX)", "16"],
			["17(Serial2-RX)", "17"],
			["18(Serial1-TX)", "18"],
			["19(Serial1-RX)", "19"],
			["20(SDA)", "20"],
			["21(SCL)", "21"],
			["22", "22"],
			["23", "23"],
			["24", "24"],
			["25", "25"],
			["26", "26"],
			["27", "27"],
			["28", "28"],
			["29", "29"],
			["30", "30"],
			["31", "31"],
			["32", "32"],
			["33", "33"],
			["34", "34"],
			["35", "35"],
			["36", "36"],
			["37", "37"],
			["38", "38"],
			["39", "39"],
			["40", "40"],
			["41", "41"],
			["42", "42"],
			["43", "43"],
			["44", "44"],
			["45", "45"],
			["46", "46"],
			["47", "47"],
			["48", "48"],
			["49", "49"],
			["50(MISO)", "50"],
			["51(MOSI)", "51"],
			["52(SCK)", "52"],
			["53(SS)", "53"]
		]
	},
	"PIN_DigitalRead": {
		"menu": [
			["2", "2"],
			["0(RX)", "0"],
			["1(TX)", "1"],
			["3", "3"],
			["4", "4"],
			["5", "5"],
			["6", "6"],
			["7", "7"],
			["8", "8"],
			["9", "9"],
			["10", "10"],
			["11", "11"],
			["12", "12"],
			["13(LED)", "13"],
			["14(Serial3-TX)", "14"],
			["15(Serial3-RX)", "15"],
			["16(Serial2-TX)", "16"],
			["17(Serial2-RX)", "17"],
			["18(Serial1-TX)", "18"],
			["19(Serial1-RX)", "19"],
			["20(SDA)", "20"],
			["21(SCL)", "21"],
			["22", "22"],
			["23", "23"],
			["24", "24"],
			["25", "25"],
			["26", "26"],
			["27", "27"],
			["28", "28"],
			["29", "29"],
			["30", "30"],
			["31", "31"],
			["32", "32"],
			["33", "33"],
			["34", "34"],
			["35", "35"],
			["36", "36"],
			["37", "37"],
			["38", "38"],
			["39", "39"],
			["40", "40"],
			["41", "41"],
			["42", "42"],
			["43", "43"],
			["44", "44"],
			["45", "45"],
			["46", "46"],
			["47", "47"],
			["48", "48"],
			["49", "49"],
			["50(MISO)", "50"],
			["51(MOSI)", "51"],
			["52(SCK)", "52"],
			["53(SS)", "53"]
		]
	},
	"PINMODE":{
		"menu": [
			["OUTPUT", "OUTPUT"],
			["INPUT", "INPUT"],
			["INPUT_PULLUP", "INPUT_PULLUP"]
		]
	}
}